iter	RMSE
0	0.01336353718
1	0.01333382263
2	0.01330255661
3	0.01325727058
4	0.01323063895
5	0.01320735146
6	0.01317791602
7	0.01313387539
8	0.01308832356
9	0.01306868517
10	0.01304934692
11	0.01301239607
12	0.01296632849
13	0.0129432518
14	0.01290356575
15	0.01286065394
16	0.01283989597
17	0.01280981643
18	0.01278412733
19	0.01275762672
20	0.01274172762
21	0.01272493763
22	0.01271542911
23	0.01269234189
24	0.01265091685
